post_id,reply_id,input,prediction
7961696982295378594,15902869978243358740,"""@USER Gianca già che ci sei regalale un paio di mutande vah che fuxia e giaguaré 'nzomma... ?"" ""@USER  @USER Anche per rompere il ghiaccio""",EUPHEMISM
4824587311292975614,4652172244294165548,"""@USER Non troppo buongiorno"" ""@USER Nonnino! Già sveglio? ??""",CONTEXT SHIFT
7155693771356046855,18161905213580884688,"""il terrore di essere rimpiazzata"" ""@USER il terrone di essere rimpiazzata""",OTHER
5929177359346716605,5855671312721211658,"""Elly #Schlein: ""Il lavoro deve tornare a essere un tema centrale. Per la destra il lavoro è un favore, per noi è un diritto""

@ultimora_pol"" ""@USER Tanto per non essere banali""",CONTEXT SHIFT
12099038560420169473,10284801989587274790,"""Se solo la società perseguisse l'obiettivo di contenimento con la stessta stregua con cui ha inseguito Berlusconi e le sue mignotte saremmo salvi. /s
Scusate dimenticato /s"" ""Se le toghe rosse avessere mandato un avviso di garanzia al virus, ora saremmo in una botte di ferro,""",OXYMORON
6878336134883742551,15991848650180007832,"""Dunque il consiglio gettonato di portarsi il meccanico non so che senso abbia, anzi se qualcuno mi dice cosa può fare un meccanico con una semplice occhiata sarei grato.
Quello che mi sento di consigliare è

cercare le vendite dei privati, tanto il rivenditore quasi mai ti da una garanzia reale e si limitano a pulire gli interni per renderla presentabile.
non farti spaventare da macchie sui sedili e difetti estetici minori anzi usali per tirare il prezzo con la consapevolezza che con un po' di detailing la fai tornare nuova (stesso trucco che usano i commercianti)
controllare la documentazione (tagliandi, bolli, manutenzioni straodinarie), capisci quali sono le prossime ""grosse "" manutenzioni, per esempio: revisione bombola gpl, dischi freni, cinghia o catena distribuzione..
fai un giro di prova per sentire come va e verificare l'allineamento delle lamiere eventuali asimmetrie, aria tra i vari pannelli (anche se ultimamente escono già di fabbrica con tolleranze disgustose) per farti un idea se è stata incidentata. Alcuni usano uno lo spessimetro per misurare lo strato di vernice per capire se è stata riveniciata.. Considera che quelli economici non sono così affidabili.
sottrai dal tuo budget massimo una cifra congrua per eventuali sorprese (su una utilitaria 500€ dovrebbero bastare per affrontare più o meno tutto tranne una rottura motore)..."" ""Già ti accende la macchina e può sentire se il motore suona bene.""",OXYMORON
18184193230015004878,3263697220254276145,"""@USER No no è giusto, ce deve sta, la nutri la coccoli la tieni calda, ce deve sta"" ""@USER Veramente ce pensa quell'altro. Io sono un mero elemento di disturbo.""",OXYMORON
4625931298966675422,3210681809367953482,"""Gli effetti del Covid-19 sulla popolazione : ho un principio di influenza, con temperatura a 37.4. 
Appena mia madre l'ha saputo è quasi andata fuori di testa, è nel panico, sii sta misurando la temperatura anche lei e vuole avvisare le autorità.
Salvatemi."" ""Rincara la dose dicendole che morirete tutti""",OXYMORON
457436274759233740,11247528056599234420,"""@USER ??☀️    ?❣"" ""@USER ?❄️?""",CONTEXT SHIFT
12841824500967152638,13599020026271593789,"""@USER  @USER Io mi sono perso nella  cronologia di  @USER ... adesso è nuovamente nel  @USER ?"" ""@USER  @USER  @USER  @USER  @USER Non se n'è mai andato: è un componente del PDitta da sempre.""",FALSE ASSERTION
8374295896122236596,9960698491608353483,"""#Camera
Respinto in commissione un emendamento di AVS per modificare il nome del ""Ministro del Made in Italy"" in ""Ministero del fare italiano""

@ultimora_pol"" ""@USER Tempo perso in cose inutili. E io pago....!""",OTHER
1439242534760018183,10568660044232783997,"""@USER ?non dovrebbe avere tre strisce? 
#chiedoperunamico"" ""@USER  @USER Effettivamente. Cerca nell'armadio se trovi una striscia lì, persa dopo essersi scucita ?""",OXYMORON
8727623984665906820,457491692921579564,"""Per una discussione mi serve il nome di un farmaco che veniva usato per impedire l'accumulo di energia da parte delle cellule e costringerle a usarla come calore.
Che ha un effetto dimagrante terribilmente efficace ma rischi di morire perche ti cuoci dall'interno, senza che nessun medico possa far nulla.
Ho sentito che veniva usato da bodybulider per perdere avere massima definizione prima di qualche gara e provoca sudorazione gialla che macchia qualunque cosa entri a contatto.
Aiuto?"" ""Kaioh-Ken Pastiglie""",ANALOGY
7033897647878069845,4174365284286873253,"""@USER Ah, ma la giornalista trattasi di Ilaria D'Amico. 
Ok. 
Va tutto bene."" ""@USER  @USER Tutto in famiglia""",CONTEXT SHIFT
14927487631298501188,3984511296452077107,"""Due si candidano in quanto ""ci vuole una donna"" nel #Pd: #Schlein e #DeMicheli. Una sola domanda: perché?"" ""@USER Perchè per un canguro è ancora presto.""",CONTEXT SHIFT
13999466197412393302,8582060949257759582,"""Comunque fuck you Valsugana, vi ho scritto una lettera motivazionale bellissima per entrare nella vostra clinica come tirocinante e son passate due settimane e manco una mail di risposta qualsiasi. 

Basta me ne vado a Beacciano."" ""@USER Niente saronno?""",CONTEXT SHIFT
3045493691802176106,5881810090518876243,"""Lo scrivo per tanti idioti che rispondono ai Twitter come le pecore.
Sono un Sovranista, non sono vaccinato, non pagherò la multa e la mia Libertà non è in svendita."" ""@USER Lo scrivo per te … non bere più""",ANALOGY
1679217763483684543,5478906752054136546,"""Ho notato solo io che Berlusconi da quando è scoppiata l'epidemia è completamente sparito? Si è chiuso in un bunker?"" ""Starà surfando sugli squirt prodotti dalle fighe delle varie prostitute rinchiuso ad Arcore. Chiamalo scemo""",CONTEXT SHIFT
17571549064257738386,12383072170277129717,"""Nel caso qualcuno fosse curioso, questo è un video su come si effettua un tampone nasofaringeo."" ""No grazie, preferisco non sapere di essere infettato.""",OXYMORON
1894119167367808702,9033282269550186760,""">Sheryl Sandberg ha fatto simili commenti sulla sicurezza,  sottolineando che ""è un'azienda cinese, se le persone sono preoccupate dei  propri dati penso che ci siano molti motivi per farlo"".
Disse la vacca al mulo..."" ""oggi ti puzza il culo!""",CONTEXT SHIFT
7462581045673427940,14235387086314957124,"""@USER Sarà la prima squadra forte che affrontano...."" ""@USER Quale delle due? ?""",CONTEXT SHIFT
13615235974994192540,17921102227611080135,"""Salvini ripropone il ponte sullo stretto di Messina, opera imprescindibile per lo sviluppo economico
Condivido e rilancio: contestualmente realizzerei anche il tunnel sottomarino Civitavecchia - Cagliari
Dai non facciamo come al solito la figura dei barboni, pensiamo in grande"" ""@USER Si può  proporre il ponte Palermo Cagliari già che ci siamo...una spesa unica..compri uno ..paghi tre...no com'è  la storia?""",OXYMORON
10765217889857901124,12979662768096991244,"""Già stati all'Artigiano in Fiera?"" ""@USER No, ma andarci non è uno dei miei desideri in questo momento. ?""",OTHER
15318882553031808002,1457715404934972674,"""pensieri su cochise?"" ""@USER Pezzone degli audioslave""",CONTEXT SHIFT
17212309861089629397,7213436467281141349,"""@USER Ma i capelli sono optional?"" ""@USER Attiro più vecchie così...""",OXYMORON
10543569204621710499,6478106222062563980,"""Qui a Singapore hanno cominciato a rompersi le balle anche loro: dopo 10 giorni di un quarto delle persone in bus/metro con mascherina, ieri 3 su 21 e oggi 3 su 29."" ""Hai scritto 21 e 29 perché li hai contati uno per uno?""",OXYMORON
5168625731641847314,6591052851845140780,"""Stanotte mi sa che superiamo i 100k. Io per commemorare prenderò del paracetamolo 500."" ""Non credo, finora l'aumento è stato tra i 1000/2000 casi al giorno. Penso ancora 4-5 giorni per arrivare a 100.000. In compenso domani potremmo essere finalmente superati anche sulla carta dall'Iran""",OXYMORON
1004779540710112239,10540907626678455839,"""Siamo sicuri non sia matteo montesi?"" ""Se po buccà chi drento?""",CONTEXT SHIFT
10742053278056034849,6975849585050914194,"""@USER  @USER Per esiliare dal suo amico sceicco il boy-scout feccia della politica italiana."" ""@USER  @USER Tarlo mentale.""",ANALOGY
14374185223286279150,15962231219628500958,"""@USER  @USER Sì ma non è Giusto."" ""@USER  @USER La giustizia e' aliena su questo pianeta!""",OTHER
16167343742615103161,5036061917792258129,"""Io non ho mai capito perché si dovrebbero salvare i porno. Perché? Per quando non c'è internet?"" ""Perché avere delle bottiglie di vino a casa quando c'è il supermercato?""",RHETORICAL QUESTION
4320113204215146594,16985212201485188706,"""@USER Non essere così cattivo con lei...❤️❤️❤️"" ""@USER I don’t""",OTHER
10294703797536010927,14854425964142098611,"""Qualcuno di voi vuole azzardare con delle previsioni? Secondo me i casi continueranno ad aumentare, ed anche parecchio, anche se con il caldo dovrebbe rallentare. A quel punto secondo voi cosa succederà tra una settimana? Potrebbero prorogare la chiusura delle università e delle scuole?"" ""Se i test non farai solo con la tua stima tra le mani rimarrai. /s""",RHETORICAL QUESTION
1387389979920722676,7871259135814432605,"""Conoscete parole italiane in cui le lettere “n” ed “m” sono attaccate, in questo preciso ordine (“nm”)? Perché ero convinto che non potessero esistere, e quindi sarebbe meglio scrivere staccati nomi propri di persona come “Gian Marco” e “Gian Maria”. Però mi sto chiedendo se effettivamente sia così."" ""Che ne dici di Myanmar?""",OXYMORON
8657171621256953093,5812261606230189093,"""@USER  @USER Buon Compleanno a Marty. ??"" ""@USER  @USER  @USER Diventerà un successo quella canzone ☺️""",FALSE ASSERTION
955066013186157002,7841042260941017515,"""@USER Ma che sei tu lo sfogatoio umano??? ?"" ""@USER ???son sempre in mezzo come il prezzemolo ???""",ANALOGY
9117711307358630712,7916655201224424892,"""Intanto l'andamento in Francia segue un andamento che sembra speculare a quello nostro di una decina di giorni fa. Attualmente 178 casi con 4 vittime."" ""Copioni""",ANALOGY
4178595591294573730,16143875424791040166,"""Sono dalla dentista. Prima di farmi entrare si è presentata con la mascherina e mi ha messo dell'amuchina in mano. Ok..."" ""Non era amuchina, bensì lubrificante""",OXYMORON
10274209232461856236,1533160137394887569,"""Una volta una persona saggia mi ha detto che scrivere è pericoloso, perché non sempre si ha la garanzia che le tue parole saranno lette nello stesso spirito con cui sono state scritte.
—  Jojo Moyes"" ""@USER Sei una donna  seria ti vorei conoscerti  per amicizia""",FALSE ASSERTION
11611645251669047719,7556327041522555872,"""Mi ripeto...
Picard per un trekker è una fiumana di godurie...
Maledetti, mi fanno risentire giovane..."" "">Picard per un trekker è una fiumana di godurie...
Pensavo si stesse parlando di prodotti surgelati e mi chiedevo perché mai, uno che fa trekking, dovrebbe trarne goduria. :/""",ANALOGY
225288318251128266,4629313374876462186,"""Ho idealizzato una ragazza avuta in passato (tanto passato) e ora non mi piace più nessun altra. AMA?"" ""La soluzione è vederla ora, che sarà grassa, con 4 figli, disoccupata, grillina e col  pizzetto.""",OXYMORON
7892378751459499909,16252794309021202709,"""Vi prego togliete dal vostro vocabolario il termine “devianze giovanili”.
Non possono essere apostrofati così i problemi dei giovani."" ""@USER Adesso ti adoro io ?""",RHETORICAL QUESTION
11369149162983494502,7888316588408967420,"""E se ti mandassi una foto? ?"" ""@USER Metterei un ""mi piace""""",CONTEXT SHIFT
11558390939674521663,12676378721740979604,"""Cugino, trisierato, morto!
Zia tridosata morta!
Cognato triceratopo estinto!"" ""@USER Io la quarta dose l’ho dovuta fare già lo scorso giugno, ora riesco a volare""",FALSE ASSERTION
15313632188181428820,1809564958676124831,"""@USER male è messa male ,molto male."" ""@USER Mi sa di si?""",CONTEXT SHIFT
18387398790699243464,14325289729255053535,"""@USER Non perdi mai occasione per tacere… ogni giorno ne “ spari “ una per provare che esisti… che “ c’è vita sulla terra “ ma lascia perdere… fatti una vita, cresci, trovato un lavoro…"" ""@USER … trovati un lavoro… no “ trovato “""",OXYMORON
630286693384318110,11609603629506075583,"""La vera domanda è: se ti sei iscritto al programma e quindi sai che devono venire con le telecamere nel tuo hotel/ristorante (il programma di Borghese), perché ca@ @USER non hai pulito bene la camera da letto/cucina?! Ammenoché quello che mostrano è post super pulizia straordinaria e quindi di norma sono ancora peggio."" ""Vabbè come quelli da cucine da incubo che si stupiscono che il ristorante va male e poi comprano lammerda che cucinano in un posto pieno di blatte...""non capisco perché i clienti non tornano più"" cit.""",ANALOGY
18083945283865270699,13051258150452316447,"""Recruiter 15 giorni fa ' Ti scriviamo ad inizio marzo per programmare il colloquio ' 
&#x200B;
Se le scrivessi ora chiedendo aggiornamenti, sembrerei troppo impaziente?"" ""Direi di sì, aspetta almeno un'altra settimana""",OXYMORON
393080136253742007,16904172624920341880,"""@USER Attirerò molte critiche ma devo riconoscerlo: sei un Signore!"" ""@USER  @USER La lampada antizanzare stona""",FALSE ASSERTION
11926712388159445365,17502157846068737338,"""@USER  @USER La Meloni e il Governo useranno,nel caso,i pannoloni (presidi di contenimento -ne avranno scorte)....finché  dura ???"" ""@USER  @USER  @USER Ahahahah..?""",CONTEXT SHIFT
9568837740787623353,2564977630664608854,"""Tra 10 giorni ritornerò in Italia dopo un semestre all'estero. La cosa che mi rende più triste è che quasi sicuramente non rivedrò più una ragazza con la quale sono uscito qualche volta e che forse, in tutt'altre circostanze, sarebbe potuta essere qualcosa in più di un'amicizia, perché ho sempre avuto buone impressioni sul suo interesse nei miei confronti. Conto di rivederla questo fine settimana per salutarci definitivamente, magari resteremo in contatto via social, chissà..."" ""Si, ma almeno il cazzo buttaglielo dentro""",CONTEXT SHIFT
1096004385442002764,18443942209355330178,"""@USER Nessuno vuole vietare libertà di commercio e di impresa ma creare un sistema di tutele per i più poveri e far pagare di più i più ricchi per redistribuire."" ""@USER Insomma la gente si deve alzare la mattina per mantenerti (faccio esempio) se mi fate la rivoluzione""",OXYMORON
13530102438651393123,4840715148050485352,"""Punirne uno per educarne cento"" ""Prenderne uno per prenderne 100""",OTHER
14048408814207322858,15664738191177034123,"""@USER O che peccato ??"" ""@USER Già mi dispiace tanto ??""",CONTEXT SHIFT
11137418050832379654,3816999479361169791,"""Eri bono, ma poi mi hai detto che preferisci Ligabue a Vasco.

#eribonoma"" ""@USER Gli hai dato anche una piccola spinta dietro alle spalle … per agevolare la caduta? ??""",RHETORICAL QUESTION
10281194885854020219,14278385778710598219,"""Quanto PIL ci stiamo bruciando?"" ""Quanti morti stiamo facendo?""",RHETORICAL QUESTION
3564946252259166350,11499789980177999013,"""@USER Rispondono ai Twitter???
Meglio che non parli di idioti e pecore ?"" ""@USER  @USER Cosa pretendi da un sovranità no vax? Chen abbia anche un cervello funzionante?""",RHETORICAL QUESTION
6386761469479287029,6876182389500383664,"""Devo pubblicare una foto della figa?"" ""@USER Se devi fare follwer si""",FALSE ASSERTION
7954843239286609472,8178514984662953460,"""Si potrebbe fare un sub a parte dove si elencano tutte le teorie cospirazioniste riguardo al Coronavirus? 
Ieri un mio amico asseriva che ci sia già la teoria del complotto per la quale l'America ha voluto colpire la cina e l'Italia per via dell'accordo sulla via della seta."" ""vai su /r/China_Flu loro saranno felicissimi di ascoltare tutte le teorie del complotto, anche la frenologia sul recettore ACE2 andava alla grande quindi non serve impegnarsi""",FALSE ASSERTION
492369763312032140,17520746427191105100,"""Ho una domanda, gestisco un bar all'interno di un museo in Lombardia, il bar ha servizio diretto al bancone ed ha 7 tavolini con un totale di 30 sedute.
Ora mi chiedo dopo che ieri si enfatizzava il discorso ""droplet"" quindi garantire distanza dei fruitori di almeno 1 metro l'uno dall'altro. Come è attuabile in un bar? Chi è preposto al controllo di tale regola? Sarà possibile servire al banco o solo ai tavoli? Grazie"" ""Basta chiedere ai clienti di andare in giro tipo le ballerine volanti""",CONTEXT SHIFT
9470135544203662717,7580355702657891160,"""Siamo ufficialmente scesi dal podio signori"" ""Tranquillo che stasera ci risaliamo purtroppo""",CONTEXT SHIFT
11899879421757476087,699644003890646908,"""Per giustificarsi escono fuori storie sul Napoli del 1990
Storie sull'Inter del 1950
Storie sul Milan probabilmente del 1899."" ""@USER No, non ne avete mai avuto storie, ma soprattutto una storia""",OXYMORON
8482609725250126267,11858972309289678173,"""Tra l'altro oggi ho anche un amico in panico perché era nella discoteca di Carpi dove è andata a ballare una ragazza potenzialmente a rischio contagio e ora gli cola il naso (che non credo sia un sintomo) ad ogni modo lo scemo si è anche baciato con una ragazza di cui non ricorda nulla... Chi l'avrebbe mai detto che in periodo di pandemia NON ogni buco è Galleria..."" ""> Some patients may have aches and pains, nasal congestion, runny nose, sore throat or diarrhea 
Preso dal sito ufficiale del WHO sul coronavirus. Il naso che cola può essere un sintomo.
&#x200B;
Vabbè dai, almeno non ha la diarrea""",CONTEXT SHIFT
2968926351009075011,10391367793507987684,"""Psst ehi bambini veneti
La volete un po' di DEMOCRAZIA?"" ""Non si può esportare democrazia in Vaticano signore!
SemiCit.
 URL""",CONTEXT SHIFT
7477401530957352384,1206181939592110880,"""Andare in giro con un Rolex al polso a Napoli lo sanno tutti che non è una best practice. Fare le rapine lo sanno tutti che non è una best practice. Secondo me non c'è UN colpevole, ma solo vittime. Compresi i colleghi del Carabiniere che per i prossimi mesi/anni dovranno lavorarci lì e la comunità che dovrà convivere con quella tensione sociale.
*edited*"" ""Quindi dato che ho un Rolex al polso, sei autorizzato a rapinarmi?""",OXYMORON
16971453668517499625,15948167978896004945,"""@USER Tutti in trepida attesa ????"" ""@USER Soprattutto Nikla. Tigrotta è più discreta.""",FALSE ASSERTION
13943343828615455796,9688064331281294454,"""Peccato che il modellino costruito ha la brutta tendenza di smontarsi da solo"" ""È così fragile? Pensavo fosse difficile bissare la Delorean""",CONTEXT SHIFT
888612363643747745,9901376417448567248,"""Che cazzo sono i sedili multicottura della pubblicità Mercedes alla radio"" ""Quelli per cuocere tutti i cibi in tanti modi, duh
O forse questi :p""",CONTEXT SHIFT
16300389213436496259,7681944978638246803,"""Ho sentito una ragazza che diceva ""io sono TANTA""."" ""Una bionda che abbonda""",FALSE ASSERTION
11854247542220259733,17907323798396250315,"""Riuscire a farmi degli amici :'("" ""Ma poi qualcos’altro della tua vita ti starà comunque sulle palle""",CONTEXT SHIFT
13001943395368794277,10474993252439046566,"""Il punto non è che cosa si mangiano i cinesi a pranzo (sto qua da 5 anni e la roba peggiore che ho visto è il tofu puzzolente, che puzza di merda di cane). Il punto è che un governatore di una regione non può uscire con frasi razziste e qualunquiste, prima di tutto. E di sicuro non può farlo contro uno dei partner commerciali e strategici più importanti. Io conosco qua imprenditori veneti e non che si sono messi a strapparsi i capelli con l uscita di Zaia. Le esportazioni dall Italia alla cina stavano crescendo tantissimo negli ultimi anni. Il veneto piazza un sacco di vino nel mercato cinese. Con ste battute del cazzo rischi di rompere accordi commerciali ecc, perché i cinesi ti dicono che il vino buono lo fanno anche i francesi e non ci serve il prosecco.
Comunque il giorno dopo ha mandato subito una lettera di scuse all ambasciatore cinese, e adesso lo incontrerà a Roma. Si vede che qualcuno gli ha fatto notare che cazzata assurda ha fatto"" ""che tristezza, sembra l'unica cosa che conti al mondo siano i soldi -.-'
l'avessi saputo prima non avrei sprecato il mio tempo a tentare di farmi accettare per ciò che sono (gay), ma mi sarei subito messo ad accumulare denaro :D""",ANALOGY
14468596749483626397,4827129665735165285,"""Ma #Montero per caso ha fatto una fermata a casa Bargiggia ??
Altrimenti non mi spiego tutto questo livore nei confronti della #Juve"" ""@USER Un caffè ☕️!!!! Solo un caffè ?""",RHETORICAL QUESTION
255308143867597137,3714509432025276999,"""oh no, la nostra stratega di pagare i turchi per tenersi i migranti a tempo indefinito non ha funzionato, chi avrebbe mai potuto prevederlo.
c'è una sola soluzione, chiaramente.
paghiamo i greci per tenerseli a tempo indefinito, o chiunque altro in zona abbia voglia di farlo. 
sicuramente questa volta funzionerà."" ""> paghiamo i greci per tenerseli a tempo indefinito
Magari i paesi come la Grecia indebitati fino al collo in piena crisi economica accettano pure...
.. un momento un momento un momento ...""",OXYMORON
8182077132297058592,4587262354479507693,"""Anche Francesca Russo, direttrice della Direzione Prevenzione e sicurezza alimentare del Veneto, sostiene che ""Il virus circolava da molto tempo, ora non serve più cercare chi l'ha portato""
Passaggio chiave dell'intervista:
>Sta dicendo che era impossibile bloccarlo?
>""Esatto. Essendo presente anche negli asintomatici, cioè in persone che stanno bene e non hanno tosse o febbre, non c'erano misure realistiche per proteggere il Paese dall'epidemia. E non sappiamo chi sia il paziente zero dell'Italia: può essere uno straniero, ad esempio un turista tedesco, francese o cinese, oppure un italiano di rientro dall'estero""."" ""> Il cluster di Vò è collegato agli altri del Veneto o a quello di Codogno?
""Al momento non ci risulta"".
Ma, ma Ricciardi ha detto che hanno trovato la ""nota di congiunzione"" (senza spiegarla) e quindi sono un focolaio unico.""",OXYMORON
14222935602055790506,11326178856097489517,"""Rientro in ufficio dopo due mesi: diluvio, gente che ha preso la patente al lunapark, Outlook che crasha ogni 10 minuti, ufficio gelido...  
k bll l vt..."" ""C'è gente che guida la moto in ufficio?""",CONTEXT SHIFT
6358833546371152076,2866558935812545471,"""Non ho mai avuto problemi a farmi sostituire un prodotto elettronico difettoso in un negozio fisico. Potresti chiedere di parlare col responsabile del punto vendita."" ""La ""Karen move"".
Spesso funziona.""",CONTEXT SHIFT
4712286480051747486,4224412406036902847,"""Il governo americano dice che l'italia oltre ad essere zona rossa, è a serio rischio attentati terroristici. Cosa non sappiamo?"" ""come riesce l'America a buttare ulteriore panico solo lei lo sa.""",CONTEXT SHIFT
7489313936521549730,7078804662830207026,"""Anche secondo Massimo Galli, infettivologo del Sacco di Milano, il virus gira indisturbato almeno da metà gennaio."" ""> «Chi ha cercato di infondere tranquillità, e li capisco, non ha considerato le potenzialità di questo virus. In quarantadue anni di professione non ho mai visto un’influenza capace di stravolgere l’attività dei reparti di malattie infettive. La situazione è francamente emergenziale dal punto di vista dell’organizzazione sanitaria. È l’equivalente dello tsunami per numero di pazienti con patologie importanti ricoverati tutti insieme. ...
Si ma lui non pensa ai bar chiusi la sera? Perché vuole diffondere paure? Non vuole farci prendere gli aperitivi 1!!1! It's just the flu.""",RHETORICAL QUESTION
10282731906424625452,15817763508420977203,"""Ho visto i prezzi dell'interrail per curiosità
Dopo aver visto che per prendere qualsiasi cosa che non sia un regionale c'è bisogno di prenotare il posto e nel 40% dei casi la prenotazione del posto costa più del prezzo del biglietto stesso posso dire che è una grandissima inculata"" ""Hanno dato in mano la gestione a TicketOne?""",ANALOGY
5969871576465133572,14017237498418812081,"""Bhè, credo sia giusto considerando che il proiettile sia entrato dalla schiena. Inoltre, 3 colpi! Non credo sia legittima difesa."" ""No no tranquillo è legittima difesa, come con Stefano o Aldrovandi o Uva""",ANALOGY
4360074657789536204,16013385024775975826,"""ah proprio un weekend di giovani scienziati Italiani..."" ""Almeno non era un narcotrafficante""",FALSE ASSERTION
5724857037789024993,13083017520244062607,"""Marò e come state tirando il protoleghismo come al solito.
Da napoletano la cosa mi fa schifo e non l'avrei mai fatta. Ma poiché abito nella stessa città è come se l'avessi fatto anche io vero? Perché sto ragionamento non viene fatto in altre zone d'Italia?"" ""Ti aiuterebbe sapere che, dato che viviamo fisicamente vicino ad una percentuale di gente che delinque più o meno impunemente, l'unica alternativa è farci morire tutti bruciati/seppelliti dai detriti/soffocati da nubi tossiche, però gli dispiace per noi?""",RHETORICAL QUESTION
13415829529808365513,7787856245661930304,"""@USER Oggi ti accorgi dell’inflazione? 
Che colpisce a 360 gradi tutti i bilanci, pubblici e familiari e tutto il bilancio dello Stato."" ""@USER  @USER Ministro, si contenga. Allora, quando torni in radio? Praticamente ormai ti ha intervistato anche la Sentinella del Canavese?""",CONTEXT SHIFT
15452154017271209005,11998771725444375193,"""#IlCircolodeiMondiali 
I #Mondiali abbiamo detto.

Dopo 21 minuti di trasmissione, ""ed ora parliamo della #Juventus "" e parte un servizio con musica di sottofondo da film di Dario Argento.

Continuate pure ???"" ""@USER Facessero un servizio su intermerda e i suoi debiti ma figurati hanno il cartonato seduto al tavolone.""",ANALOGY
15145496112429022382,11505263211788103267,"""Se trovate più facile l'università che il liceo mi farei serie domande sulla vostra facoltà. D'altronde dovrebbe essere l'ordine naturale delle cose, si cresce, si matura e pian piano si affrontano argomenti più difficili.
La verità è però che tante università non sono altro che un asilo 2.0 per ventenni"" ""Del resto lo sanno tutti che in ogni GDR il boss più difficile in assoluto é quello finale, soprattutto se é il più grosso del gioco.""",ANALOGY
15169059911459408271,10309176085348017995,"""Chiedo per un amico, Secondo voi uno che dovesse volare da Bologna a Parigi di questi tempi potrebbe portarsi dietro due canne senza beccare i cani in aeroporto visto le priorità generali?"" ""Volersi male ad ogni costo eh""",CONTEXT SHIFT
3037383543302796324,6283644142388211856,"""Il caffè al bar, lo pago con moneta contante
Se ho bisogno le scarpe, vado in un
negozio, le provo, le riprovo, le compro
A Natale, e non solo, vanno bene mercatini, 
i negozi e le piccole imprese locali.
Ritorniamo alle origini, torniamo a parlarci 
a interagire... de visu."" ""@USER Beato te che non ti senti soffocare quando c'è troppa gente..""",OTHER
11755500963030936367,12431617714239409455,"""@USER mi aspetto anche io un regalo per favore, grazie !!"" ""@USER sogna""",OTHER
9408805770120683449,2035191926981981266,"""Mi confermate che 36,1 è da considerare febbre alta?!?!???⚜️"" ""@USER ???????‍♀️ da estrema unzione""",RHETORICAL QUESTION
1679217763483684543,6187694910865506918,"""Ho notato solo io che Berlusconi da quando è scoppiata l'epidemia è completamente sparito? Si è chiuso in un bunker?"" ""Over 80.
Lombardia.
Contatti con un sacco di persone.""",OXYMORON
2432806416627403091,11492500343714452849,"""""La Cina mette in quarantena gli italiani"" 
Cioè, si sta ribaltando la situazione..."" ""In realtà no perché noi non abbiamo mai messo in quarantena i cinesi""",OXYMORON
16626886395331853970,7533785234591007556,"""Mia madre è una donna sveglia ed intelligente.
Stasera abbiamo ospiti, farà dei bocconcini di pollo al curry e peperoni, accompagnati dal riso. Ha la tendenza a farne poco di riso, e quindi le ho chiesto di farne di più, che tanto se avanza a me piace anche freddo.
“Se faccio la tua dose di riso peró non mi ci sta nelle formine che volevo usare per presentare meglio il piatto”
“...non vedo il problema?”
“Il tuo riso è troppo, non ci sta”.
“...metti la quantità che serve nelle formine e poi chi vuole farà il bis?”
“Oh, sì. Vero”.
Mia madre è una donna sveglia e intelligente."" ""Che fortunata ad avere un figlio sempre sul pezzo!""",CONTEXT SHIFT
4520804865264937407,12052725809972729004,"""avete tatuaggi? quali?"" ""la faccia di lino banfi in fronte""",CONTEXT SHIFT
12561098575626788279,12674379110877124783,"""Ho messo in piedi un thread in china flu per spiegare che noi italiani siamo gli unici ad aver bloccato i voli dalla cina al primo cinese positivo e monitoriamo la temperatura agli aereoporti
 URL"" ""Non che sia servito a molto, sembra...""",EUPHEMISM
12802596261741493988,6395061022726320747,"""Auto più costosa = più cavalli = più benzina consumata a far passare i pedoni...
Mi pare ecologicamente giusto non far passare i pedoni se la tua macchina ha più di 200cv...
/s"" """"la mia auto pesa 2 tonnellate, il pedone 70 kg, è meglio se frena lui un momento e mi lascia passare""
&#x200B;
ecologicamente il ragionamento non fa una piega""",OXYMORON
11534803039351516013,14401413796579297426,"""Una vacanza all'insegna del fascino e della serenità

Abu Dhabi è tutta da vivere

Venite a scoprirla, seguendo il vostro ritmo!

#FindYourPace #InAbuDhabi"" ""@USER Rayie""",HYPERBOLE
1236265448438971802,4088917524353094583,"""Secondo voi che possibilità ci sono che l'emergenza rientri in Lombardia entro un paio di settimane?
La mia università si sta organizzando per le discussioni di tesi a distanza -ci sto sperando tantissimo perché sono all'estero ed eviterei di rientrare a Milano in questi giorni-, MA, se l'emergenza rientra le discussioni si faranno come al solito ma a porte chiuse.
Devo abbandonare le speranze? Mi tocca ritornare in patria?"" ""Potresti essere uno dei primi a discutere la tesi in mutande.""",OXYMORON
9838181499890583489,10423294332678156256,"""Se posto altre due foto mi mandate al diavolo ?"" ""@USER No perché siamo fuori di testa certificati.""",CONTEXT SHIFT
3078947007140051398,10709996288788790791,"""I nutella biscuit sono una merda ma quelli nuovi dei Pan Di Stelle sono orgasmici."" ""Fanno cagare tutti e due ma quelli Pan di Stelle fanno un po' meno cagare.
Comunque nutella biscuits = galletti + nutella, ci eravamo arrivati già decenni di fame chimica orsono.""",ANALOGY
17101699480099236488,15609252204141551532,"""Ragazzi, ogni sabato piove! E che è? Io comincio a essere complottista."" ""@USER Fatto x il ns bene, così non spendiamo soldi e li teniamo x le bollette ...""",FALSE ASSERTION
10426144657201928929,4379935730836888699,"""@USER io speriamo che me la cavo..."" ""@USER Come ho già detto, stamo tutti scarrupati ☺️☺️""",CONTEXT SHIFT
14571755448335103235,8064446870187057078,"""@USER Dunque chiariamo...sono metà toscana e metà pugliese ma vivo da due anni e mezzo in Romagna

Quindi? ?"" ""@USER  @USER -1 -1 +1 = +1
???""",RHETORICAL QUESTION
12148897515124050857,10230930535215515833,"""Che si fa per non far languire una conversazione su whatsapp senza sembrare patetici? Preferirei che mi si dicesse chiaramente “non ho voglia di parlare ora/ho da fare” piuttosto che dover portare il peso della conversazione da sola, che palle"" ""Visualizzare e non rispondere?""",CONTEXT SHIFT
364716304175925363,7002355718145839841,"""Qualcuno può postare la notizia dell'idiota influenzer/youtubber che ha violato la zona rossa solo per fare video e caricarli sul suo canale per avere visual? Gente del genere sarebbe solo da prendere a sberle"" ""Nessuna pietà per social babbo lo snitch""",OTHER
12099038560420169473,16675858157400040650,"""Se solo la società perseguisse l'obiettivo di contenimento con la stessta stregua con cui ha inseguito Berlusconi e le sue mignotte saremmo salvi. /s
Scusate dimenticato /s"" ""certo che questo coronavirus sta stanando un sacco di coglioni""",EUPHEMISM
15909640808401660433,4919986079066382405,"""Ho visto cose dell’altro mondo. Orgie di 4 giorni a base di alcol ,SESSO e GRAFENE. C’era anche un PRETE"" ""@USER Ma nooo,Barbara. Era Pirlon che faceva le punte alle matite per ricavare il grafene!""",FALSE ASSERTION
702317291372904372,2344624925279090928,"""Secondo voi il PANINO CON LA MORTADELLA si può considerare OMEOPATICO?"" ""@USER Si.""",RHETORICAL QUESTION
3045493691802176106,2186548156715543688,"""Lo scrivo per tanti idioti che rispondono ai Twitter come le pecore.
Sono un Sovranista, non sono vaccinato, non pagherò la multa e la mia Libertà non è in svendita."" ""@USER e che ne fai del grafene che hai in vena?""",CONTEXT SHIFT
12840277770070131661,17885304786512091702,"""Caro Babbo Natale, mi hai silenziato, vero?"" ""@USER Credi ancora a babbo natale""",RHETORICAL QUESTION
1679217763483684543,8067559777741395873,"""Ho notato solo io che Berlusconi da quando è scoppiata l'epidemia è completamente sparito? Si è chiuso in un bunker?"" "">Si è chiuso in un bunker?
essendo un boomer per forza""",RHETORICAL QUESTION
7987151303712675040,7829233348808666414,"""Piccola soddisfazione del giorno: dopo anni ho ripreso la chitarra e da qualche tempo mi esercito...e ho imparato quasi perfettamente la parte ritmica di highway to hell, so che è una cazzata ma mi ha dato soddisfazione"" ""Lo sappiamo tutti che prima hai provato Wonderwall ;)""",CONTEXT SHIFT
8553934668525359548,6122081151389576797,"""#donnalisi allora mi sorge un dubbio se Micol non è andata al GF per le telecamere,è andata per riconquistare  Edo D e rompere le palle ad Antonella?"" ""@USER Si e per diventare santa subito""",OXYMORON
527554389017052205,13774786005298998319,"""@USER Altro mitico travestimento di Fantomas @FabioLisci"" ""@USER  @USER  @USER Dietro liceo davanti museo ???""",OXYMORON
15986361946082174146,16848487518880439428,"""Ragazzi/e per piacere non venite qui in cerca di diagnosi. Fatevi visitare dal vostro medico curante, chiamate i numeri preposti, ma non affidatevi a dei completi sconosciuti che non hanno i mezzi e/o le competenze per farlo (corona virus a parte, adottatela come regola generale per favore)."" ""Scusa ho appena avuto una sincope leggendo il tuo post. Dici che è grave? /s""",OXYMORON
16653175777918050962,11658098842295024801,"""francamente la pasta al microonde sono tentato di provarla perché al lavoro ho quello e basta.
Risparmierei soldi rispetto ai piatti precotti da microonde."" ""Non hai un mc vicino? È più salutare mangiare li tutti giorni.""",OXYMORON
14672930942777869739,4389956713331137748,"""Quindi senso comune confermato, chi guida Audi e BMW è un coglione."" ""Io sono rimasto a quelli con i Golf 4 grigio perla.""",OTHER
7501166755663576500,17665996701756597518,"""@USER Una tuttofare ??"" ""@USER Capito sì? ???""",RHETORICAL QUESTION
18298855339031564485,12680189878604401746,"""Oggi la ritardata della mia collega é riuscita ad essere mega sympa unendo in una sola frase il C. Virus e la mafia per via della mia provenienza sicula. Wow.
such joke
much fun"" ""È inglese? Sono di base scemi e con il complesso di superiorità.""",FALSE ASSERTION
16565537520034275224,12210448347044972665,"""Che ne pensate di quegli ultracattolici, convinti che papa Francesco stia distruggendo la chiesa, che si scagliano con la bava alla bocca contro di lui augurandogli di morire a causa del Coronavirus, che ritengono una punizione divina? Come cavolo fanno a definirsi cattolici se augurano la morte a una persona che non gli ha fatto nulla di male? Che fine ha fatto il voler bene al prossimo?"" ""Direi loro di leggere il vangelo di Luca 13:1-6. Gli è indirizzato.""",RHETORICAL QUESTION
14849029575208684856,6295243627667993108,"""Madre mi ha fatto una domanda strana stamane.
""Quanto costa un tampone per il coronavirus!""
E niente, Google non mi ha dato risposta.
Quanto costa allo stato italiano effettuare 1 singolo tampone e riceverne risposta?"" ""4000$ avevo letto""",OXYMORON
17406266981620550655,13932824916509766942,"""@USER Qualcuno sa come ci si potrebbe assicurare di questo?... ?"" ""@USER Io mi assicurerei del contrario...?""",OXYMORON
10279940017783444627,2387683106799630597,"""organizzati con altri genitori e fate giocare i bambini insieme, poi quando crescono li puoi portare al planetario, li fai giocare al lebowski, li porti a teatro (per bimbi) oppure in giro per le campagne.."" ""Lebowski? Cioè la porto al bowling, a combattere contro i nichilisti e a distruggersi di White Russian?""",CONTEXT SHIFT
7926235817378922072,8485093943334291855,"""Ma vii, a livello psichiatrico , come state ?"" ""@USER se stavo bene mica ero qui""",CONTEXT SHIFT
17948825530378828840,4603973994291651916,"""Nel 2023 esce il nuovo film di Indiana Jones sempre interpretato da Harrison Ford: 80 anni! 
Che gli vogliamo dire?"" ""@USER Attento al femore""",CONTEXT SHIFT
16379255176565534094,10462018945349578152,"""Fottuto moralismo cristianeggiante"" ""*Fottuto moralismo in generale
La parte cristianeggiante é soltanto una scusa""",CONTEXT SHIFT
12802596261741493988,12261921827305638030,"""Auto più costosa = più cavalli = più benzina consumata a far passare i pedoni...
Mi pare ecologicamente giusto non far passare i pedoni se la tua macchina ha più di 200cv...
/s"" ""Ha più senso il ragionamento che frenare causa un consumo progressivo dei dischi dei freni e delle gomme: il consumo delle gomme genera polveri sottili mentre quello dei dischi comporta una sostituzione proporzionalmente anticipata degli stessi e quindi l'inquinamento dato dalla produzione del pezzo di ricambio.
La scelta ambientalista è frenare il meno possibile.""",OXYMORON
2306502567302935077,8660853111156343949,"""La sensibilità che sbandieri #graduidamente su questo social non ti ha suggerito, già che c’eri, di fare un salto a Ischia a parlare con quelli che tu hai trasformato negli ultimi???? #GiuseppeConte sei un’autentica macchietta .. da rimuovere con uno spray."" ""@USER Quello  per i scarafaggi dovrebbe  andare bene""",CONTEXT SHIFT
10644245602980409727,17770688488279751800,"""Dove tagliereste per fare fronte al coronavirus?"" ""Taglio ai polmoni. Senza polmoni non si può morire di polmonite.
black guy pointing finger at head""",CONTEXT SHIFT
6621863004798281614,16813718916983401584,"""Alla terza volta che si pianta #Twitter va bene mandare una bestemmia come feedback?"" ""@USER Si

Il Musk(io) lo hanno già tutto adoperato per il presepe""",FALSE ASSERTION
5977190667122478859,9931289976776163029,"""Mio babbo dice sempre: ""trovala orfana"""" ""Tuo padre è un uomo saggio""",FALSE ASSERTION
9283656897473442907,11902735492634000037,"""Bollettino della Protezione Civile di oggi:  URL 
Si ""festeggiano"" i 2000 contagiati totali ed i 1000 in Lombardia; 52 deceduti; 149 guariti.
742 ricoverati + 166 in terapia intensiva (quindi circa il 45% dei contagiati è ospedalizzato)."" ""A 3000 punti coronavirus vinci un biglietto gratis per una seduta di pedicure dal cinese.""",OXYMORON
16822415573863280985,13445025746676793122,"""Fai così: invita questi tuoi amici e dì loro che offri tu da bere e il dolce ( e magari un giro dopo al bar, non so che serata pensi di fare). 
Digli di non farti il regalo ma che per il resto il conto si divide.
Puoi anche attaccare un pippone che il regalo sia lo stare assieme etc etc
&#x200B;
Digressione: da sardo, il ""chi paga cosa"" è stato uno dei traumi sociali più grossi quando sono andato nel barbaro continente.
Da noi chi invita paga. Punto. Invito 10 persone a prendere la pizza per cena? Pago io il conto. 
Siamo al bar e chiamo io il cameriere? Il giro è mio. Allora il prossimo lo fa un altro. E quello dopo un altro. E credimi, è un ottimo modo per finire con un tasso alcolemico piuttosto alto piuttosto in fretta.
&#x200B;
Arrivato a Pisa cominciai ad essere invitato a compleanni in cui mi pagavo la cena e mettevo la quota del regalo. L'invitato pagava boh, la torta? Serate al bar dove ognuno pagava il suo etc etc.
&#x200B;
Questo per dire che è una cosa culturale e molto locale."" ""Mi sa abbiamo tutti avuto lo stesso trauma sociale, una volta usciti dall'isola :D""",ANALOGY
17983287614789022640,12362197363508914994,"""sono ancora in call ragazzi send eutanasia"" ""un cliente ha recuperato non so come il mio numero personale. Richiedo soccorso immediato.""",OXYMORON
732865758052127456,17046125725826881438,"""Luca Zaia il comico
> Coronavirus in Veneto, la proposta di Zaia: “Riaprire musei e cinema ma con distanza di un metro tra le persone”
Qualche giorno fa qualcuno si chiedeva chi sarebbe stata la prima celebrità contagiata. Al di fuori dell'Italia, Luis Sepulveda (l'autore di ""La gabbianella e il gatto""). Considerata la non giovane età (70 anni), speriamo bene."" ""All'ingresso in omaggio un comodo metro tascabile""",CONTEXT SHIFT
12762344047647358653,4934917879037915800,"""Madonna bagai, riaprite le palestre o tagliatemi il cazzo, che tutta sta libido mi ha trasformato in un cammello arrapato"" ""E poi se sei in astinenza dal sesso puoi provare con metodi alternativi LoL""",ANALOGY
2530636871780512863,905237976227119896,"""Scuole chiuse in Campania quando? lol"" ""Non le chiudono in liguria le chiudono in campania?""",RHETORICAL QUESTION
12738344882000022003,17573030983672170801,"""Bleah ho appena sentito la parola con la c, ""coccole""!"" ""@USER Scusa, ho sbagliato vocale, era ""caccole""...""",FALSE ASSERTION
17218286934062161374,7840462069541466104,"""Anche quest’anno guarderò i vostri alberi di Natale pensando:

ma chi ve lo fa fare?"" ""@USER La gioia di vi… ah no.""",CONTEXT SHIFT
6136925553124996071,18189737867917875212,"""C'è così tanta gente in metro che il rischio contagio è meno dello 0%"" ""Io mi sto chiedendo dove sia finita tutta la gente che prima rendeva la metro una costipazione. A piedi? BikeMi?""",RHETORICAL QUESTION
1796321055434844193,14810077150833138951,"""È più di una settimana che sono in autoisolamento (provincia di Milano), non ho avuto né febbre né tosse né raffreddore né mal di gola, ma da 2-3 giorni sento come la necessità di tossire alla fine dell'espirazione pur senza dare il colpo di tosse netto. Devo preoccuparmi? 
Sono un tipo molto ansioso e ipocondriaco. Potrebbe essere l'aria secca di casa visto che cambio poco l'aria?"" ""Stai certamente male, ma molto probabilmente non nei polmoni.""",OXYMORON
12903441351042937581,2957700043962959906,"""Il tour di bonaccini nardella (pulmino elettrico?) Partirà  da Bari. Mi raccomando sul palco Michele Emiliano"" ""@USER Giusto, bisogna uniformarsi ai tempi, i circhi non sono più di moda""",CONTEXT SHIFT
3351706419049328042,4775265474553845411,"""la mia temperatura essere tipo: ok parto da 37, salgo fino a 38, poi scendo a 36.6 illudendoti di essere guarita e ritorno a 37.5 per il meme"" ""@USER è un tema che ti sta a cuore cmq""",ANALOGY
8372852051422961806,17839050751443036096,"""Bar a Piazza Carolina: pago il caffè con la #cartadicredito dichiarando: “per dispetto a #Salvini”. Il barista quasi mi abbracciava e baciava. 

Potrebbe essere una forma di protesta dell’Italia civile contro il passatismo evasore del governo!"" ""@USER Credibile quanto una moneta da 3 € …""",ANALOGY
12327589089127030384,12311323613480610166,"""Se volete un attacco di bile, un principio di infarto, un ictus sintonizzatevi su  Rai1."" ""@USER Grazieeeee faccio senza ?""",RHETORICAL QUESTION
8911687171641720073,12840805487723803534,"""Ho un dubbio sulle tette. Questo dubbio mi è venuto dopo aver visto delle tette che in costume sembravano molto più grandi di quanto fossero. Questi sono errori da non fare, quindi: come si capisce se c'è veramente materia o è un inganno ?"" ""Non svelare i miei trucchi cosi""",RHETORICAL QUESTION
4182246863848149091,10201758524741496291,"""Io a fine mese dovrei andare per un paio di settimane in Emilia Romagna, poi una settimana a Bordeaux dal mio ragazzo e poi tornare in Inghilterra per continuare l'università. Secondo voi mi conviene skippzre l'Italia e andare direttamente in Francia?"" ""Ma io me ne andrei direttamente in Francia a scopare come se il mondo dovesse finire domani e basta.""",ANALOGY
11071951095274193319,8806515146477624007,"""Spiace per i non amanti del Football ma oggi giornata molto frizzante in NFL ?"" ""@USER Ed io sono fuori con amici. Maledette amicizie!!!""",OTHER
9439828508304793474,16960017177206458004,"""Che macchina avete? ? 
(Ho appena comprato la macchina nuova e mi diverte correlare le personalità con le autovetture?)"" ""@USER Le Mizuno ?""",RHETORICAL QUESTION
18045340422771569615,159164947786136889,"""Aldilà delle giravolte governative e non, sullo strappo iniziale di Lombardia e Veneto - e della reazione da Roma - si possono dare a questo punto diverse letture. Forse non è per caso che la Liguria di Toti li ha seguiti al volo, e non a caso Sala invece è in prima linea sul fronte del ""tutto fila tutto va bene"". Come ho letto in  articoli linkati qui in questi thread, ogni misura di salute pubblica è anche immediatamente una misura con risvolti politici, nel senso più ampio del termine...e in quello più profano dei calcoli a breve termine (...governo di unità nazionale etc).
Ma sul fatto che la nostra classe politica in blocco abbia fatto una figura  colossale di incompetenza, mancanza di visione e di confusione - esattamente quello che NON vuoi vedere da chi ti governa, di fronte a una crisi - credo  non ci sia da discutere.
Un aspetto sottovalutato della diffusione del virus è che non sarà, azzardo, una situazione da tempi brevi.
Forse questo, insieme certo alla inchiodata comunicativa imposta dai vertici politici e non, spiega un certo calo apparente di attenzione e di allerta.
La percezione collettiva, gonfiata e alimentata ad cazzum, è stata più o meno - ""oddio, arriva e mi mettono in quarantena, mi gonfio casa di roba o resto bloccato a morire di fame "". 
E invece la situazione è seria ma non per quelle ragioni: ma per le possibili conseguenze sul sistema sanitario dovuti al numero di casi che richiedono trattamento. E questi potrebbero continuare per settimane, quindi servirebbe ragionare almeno sul medio periodo, e lì misurare i provvedimenti da prendere ora.
Edit: non so più scrivere"" ""Scrivi come i professoroni""",OXYMORON
6945640229171908669,13060493841727604536,"""Renzi: “ricci oggi dice #Renzi disturba, come direbbe alla maestra un bambino  di quarta elementare. Io lo ricordo pochi anni fa che si spenzolava in cori adulativi sulla mia persona”"" ""@USER Menomale che si è ravveduto""",ANALOGY
359007761229179682,7539488691515933556,"""come si traduce entitled? Una specie di arroganza?"" ""Probabilmente a mo di io sono io e voi non siete un cazzo.""",CONTEXT SHIFT
2257238064643361954,5588804634089702375,"""@USER scegli tu bianchi o neri?"" ""@USER ti anniento con entrambi""",FALSE ASSERTION
12685626515092742298,11333804666224189072,"""Peccato che non si possa denunciare per truffa aggravata un partito che non mantiene le promesse elettorali."" ""@USER Capirai allora dovrebbero stare tutti al gabbio tutti i partiti da 10 anni  fino ad oggi""",RHETORICAL QUESTION
6200782206383500216,1910098991632370691,"""What if il governo ha tutti i dati a disposizione ormai da controlli e quant'altro, e sa perfettamente come si evolve la situazione e sa che l'andamento non è preoccupante per casi di contagiati e necessità di ospedalizzazione?"" ""La situazione non è preoccupante  è la frase più ripetuta prima di un'invasione zombie""",ANALOGY
13772995230818626978,474397791409998420,"""Amici miei, potete proteggervi dal coronavirus con una soluzione di biossido di cloro:  URL"" ""Ho sentito da un blogger che assomiglia molto a Jude Law che la forsizia fa miracoli!""",FALSE ASSERTION
17571549064257738386,8316696099347894782,"""Nel caso qualcuno fosse curioso, questo è un video su come si effettua un tampone nasofaringeo."" ""Oh cristo, preferirei che mi aprissero i polmoni, e non scherzo""",OTHER
16302263758898016470,8042953822964241704,""">In Italia frenano i contagi: lunedì l'incremento dei malati è stato del 16% (258 casi in più) a fronte dell'aumento del 50% registrato il giorno prima. Di questi, inoltre, il 50% è asintomatico (o con sintemi lievi) e in isolamento domiciliare, il 40% è ricoverato con sintomi e solo il 10% in terapia intensiva. ""Un dato confortante"" dice il commissario Angelo Borrelli sottolineando che si tratta di una percentuale che ricalca il dato complessivo: su 1.835 malati, 927 sono in isolamento nella propria casa, 742 ricoverati con sintomi e 166 in terapia intensiva. Sono 149 i guariti, 52 i decessi."" ""si ma bella forza, hanno frenato anche i tamponi...""",OXYMORON
1924498557111155620,13042295114884894930,"""Ciaciona.
O almeno penso che a Roma diremmo così, ma penso si possa usare solo per il sesso femminile"" ""Chiappona in alternativa""",FALSE ASSERTION
17239694814309298157,1239066701255211946,"""Mi sembra che ancora non sia stato riportato, comunque anche nella mia ridente Torre del Greco iniziano le ansie pesanti"" ""Cancella lo spazio tra la ] e la (""",FALSE ASSERTION
3137790644280063108,9530789368857545340,"""Questa ragazza che dialogando con altri tipi in palestra esclama: “io con chi ce l’ha sotto i 25cm non ci vado proprio”

Ma brava eroina?️"" ""@USER E li trova?""",RHETORICAL QUESTION
17672354307488144282,11727315586133661339,"""Italiano, lavoro in Francia. Ultima volta nel nord Italia sarà stata nel 2005 per uno stage.
Qui fa freddo, preso raffreddore violento. No mal di gola. No tosse. Starnutisco parecchio.
In ufficio, ad ogni starnuto, il simpatico di turno: ""CORONAVIRUS”.
Aiuto."" ""Lanciagli addosso i fazzoletti usati /s""",CONTEXT SHIFT
4414116674616324165,8854873632828096910,"""@USER Mi pongo una domanda: se la gobbentus venisse radiata, come giustamente meriterebbe,  tutti questi lacchè cosa faranno?"" ""@USER  @USER Prenderanno il reddito di cittadinanza""",OXYMORON
3613038691848915463,565292024492303385,"""@USER Io ve lo dicevo che i giornalisti se lo fanno per davvero."" ""@USER  @USER Ovvio è stato detto in TV e la TV non dice bugie?""",OXYMORON
10353713379511671808,7889327051951419772,"""Comunque è facile pagare i bus per 600 mila persone in Lussemburgo..."" ""E con i guadagni del Lussemburgo...""",EUPHEMISM
12053836099981966480,15092630907500890786,"""Cioè ma è possibile che non riesco a trovare una singola persona in Italia che tiene paguri di terra come animali da compagnia? Capisco che sono animali caraibici ma non pensavo che fossero così poco diffusi"" ""Vuoi migliorare la tua vita grazie ai paguri come quel greentext famoso?""",RHETORICAL QUESTION
2850064009792842564,16155693498510497590,"""Considerata la situazione attuale, quanto ingenua e/o stupida sarei a cercare lavoro e volermi trasferire in Europa in autunno, meglio ancora se Italia o Francia?  Partendo dal Giappone e sapendo anche il cinese"" ""Vai a fare un esperienza in cina. Usa i white privilege che avresti la'. Fai soffrire il razzismo al tuo ragazzo jappo. Fate un po' di soldi che la' girano, e torni in giappone pensando ""cazzo dopo quell'esperienza io non me ne vado piu' dalla Japonia"".""",OXYMORON
8593319126456509739,18392130683005231862,"""@USER  @USER che sarà operativo nel 2026...e prima che se fa? monnezza pe' tutti???!!"" ""@USER  @USER  @USER PIÙ monnezza per tutti""",RHETORICAL QUESTION
14740895360806711009,690708159982087795,"""@USER Mmmm che bel culo"" ""@USER Ti piace?""",CONTEXT SHIFT
4744139215692694803,14418025248063088205,"""Quanti Italiani sono morti durante la realizzazione di queste ""ricette""?"" ""Ha sicuramente fatto piú vittime del coronavirus. Gli asiatici stanno tramando qualcosa di losco.... prima gli spaghetti al microonde con ketchup e adesso un virus della madonna ?""",ANALOGY
954400581630060757,15189855149002636496,"""Volevo rinnovare i miei ringraziamenti più sincere mi per le #BimbeDiMorenoeAlex che continuano a lavorare per farci conoscere e supportano i nostri valori di inclusione e tolleranza. NOI SIAMO LORO.. noi NON siamo chi offende…chi sminuisce o chi attacca.  #Pace"" ""@USER Sei una bella persona ?""",RHETORICAL QUESTION
16164952083934226902,2241328335295699333,"""Ma se una persona a lavoro vi dicesse sei una caprona voi come la prendereste !?"" ""@USER A cornate! ?""",ANALOGY
5110262296428008719,12675994162805584705,"""Biden ha evidenti problemi di senilità. In un eventuale confronto con Trump verrebbe sbriciolato. Bloomberg è l'incarnazione di Lord Palpatine. Non sono un fan di Bernie, ma o ce la si gioca con lui o è persa."" ""Non che Trump non abbia già dimostrato evidenti problemi di linguaggio, tipici dell'età avanzata. Sarebbe un bel match.""",ANALOGY
856473992583352234,9561801190578066439,"""#Adani non si può sentire dai.
Il più porta sfiga di tutti i tempi come opinionista  @USER .
#AdaniOut"" ""@USER  @USER L’anno cacciato da Sky, solo la Rai poteva riesumarlo…""",ANALOGY
3732654630473096494,110951503065107791,"""Alzi la mano chi  ha  amato qualcuno senza essere  corrisposto. Eh si, l’amore impossibile. Forse gli amori più  sofferti e tormentati son proprio quelli più grandi.

Alzi la mano chi pur  amandosi tra loro, per un motivo o per l’altro, non riescono a stare insieme."" ""@USER Mancano quelli che stanno insieme pur non amandosi.""",OXYMORON
11684652511432219048,8495645490393788777,"""Credo che oggi scriverò qualcosa su congresso del Pd e renzismo."" ""@USER Brava! Fallo! C'è n'è un gran gran  bisogno!""",OTHER
12068356125191434935,7906333829592464483,"""Devo dire che poteva essere peggio"" ""Vero. Manca la Nutella e un ciuffo di maionese come salsa a contorno.""",EUPHEMISM
6704336624706271088,15276675242485480973,"""@USER Che bei coglioni"" ""@USER Un pó da cavallo""",CONTEXT SHIFT
7151181422750357385,7060186702655038550,"""Se parcheggiassi la mia macchina all’interno di Area B a Milano prima delle 7:30 (prima dell’inizio del divieto) posso comunque uscire da Milano poi all’interno della fascia oraria prevista?"" ""No, devi aspettare le 19.30 anche per uscire.""",OXYMORON
15621374748089248322,1864254433926636509,"""@USER Hai fatto benissimo ? che bella mamma ?"" ""@USER Grazie ?""",CONTEXT SHIFT
8673029279031175941,2090714763405942499,"""Non ho ancora letto le sentenze di oggi del Tribunale di Twitter."" ""@USER scherza scherza""",CONTEXT SHIFT
523482694209799242,1023726392286098439,"""@USER Avrà balbettato ""non ricordo"" ?"" ""@USER  @USER Sono abituati al "" non ricordo """"",RHETORICAL QUESTION
9927703142179116661,9002569272707188600,"""Eccomi!
Sono un appassionato di ""wet shaving"" e collezionista di vecchie lamette (nel senso proprio di lametta incartata singolarmente); non so di preciso quante ne ho ma penso almeno un migliaio... non le ho mai catalogate :(
Non esiste uomo che non possa trovare la combinazione perfetta di strumenti/manualità per radersi senza scannarsi o irritarsi la pelle; è solo questione di fare le cose nel modo migliore per la propria pelle e sperimentare un pochino.
Partiamo dalle cose basilari da NON fare:
- ASSOLUTAMENTE NO schiuma da barba
- NO farsi la barba senza essersi lavato il viso
- NO farsi la barba di fretta
- ASSOLUTAMENTE NO rasoi a 104mila lame multiple rotanti con doppio carpiato dal trampolino più alto
- ASSOLUTAMENTE NO rasoi usa e getta (anche monolama)
Cosa invece, secondo me, è obbligatorio possedere:
- SAPONE DECENTE: all'inizio possibilmente in crema visto che è più facile da montare rispetto al sapone ""duro""
- PENNELLO: vanno bene un po' tutti, io prediligo i sitentici ma uso un po' di tutto: porcello, tasso, cavallo, sintetico...)
- CIOTOLA per montare il sapone: va bene anche una scodella
- LAMETTA (vediamo dopo)
- RASOIO (vediamo dopo)
Una volta lavato bene il viso monti il sapone col pennello prendendone il quantitativo di una nocciolina e poche gocce di acqua (che andrai ad aggiungere man mano che si monta).
Una volta pronta la ""schiuma"" te la spalmi col pennello potentemente in faccia, schiaccia pure senza paura e fai movimenti circolari (non basta appoggiarsi la schiuma in faccia).
A questo punto sembri babbo natale e puoi raderti.
Il segreto è: meno passi il rasoio e meno irriti la pelle. Solitamente si fanno due o tre passate a seconda dei gusti, del risultato e della manualità.
Prima passata: nel senso di crescita del pelo
Seconda passata: obliquamente
Terza passata: contropelo
Personalmente faccio solo pelo e contropelo.
Come fai a sapere il ""senso di crescita del pelo""? Facilissimo: passa la mano sulla barba di un paio di giorni e senti da che parte gratta (questo è il contropelo, il senso contrario è quello di crescita). E' praticamente certo che avrai dei punti in cui il pelo cresce in un senso e in altri in senso contrario... è normalissimo, la ""mappatura"" del viso richiede un po' di tempo ma è quella che fa la differenza.
Tra una passata e l'altra ti rimetti la schiuma sul viso; la pelle deve rimanere costantemente umida (wet shaving... chi l'avrebbe mai detto?)
Questione rasoio e lamette. Ne esistono infiniti modelli; limitandoci ai rasoi di sicurezza si differenziano principalmente in due categorie:
CLOSED COMB: ovvero a pettine chiuso; garantisce una rasatura meno profonda ma più facilmente gestibile (nel senso che tagliarsi è praticamente impossibile o quasi, anche schiacciando).
OPEN COMB: ovvero a pettine aperto: rasatura più profonda con meno passaggi ma, avendo la lama più scoperta, da maneggiare con più cautela (non va premuto sul viso ma si sfrutta il suo peso)
Giusto per chiarezza: non credo sia mai morto nessuno al mondo sgozzato con un rasoio di sicurezza :)
Sia CC che OC possono essere più o meno aggressivi (o profondi) in base a quanto ""espongono"" il filo della lametta.
Per la scelta della lametta anche qui si apre un mondo. La forma è sempre la stessa ma cambia lo spessore, il filo, il trattamento ma soprattutto l'acciaio usato.
Personalmente ho trovato la mia combo perfetta in: rasoio OC molto aggressivo con lametta molto dolce (sembra un controsenso ma non lo è).
Raramente uso dopobarba e quasi mai quelli alcolici (con rare eccezioni)
Che altro dire? Che alla fine la verità è che io mi faccio la barba quasi sempre con rasoi a mano libera vintage perché il loro comfort è iraggiungibile.
Nella mia piccola collezione di rasoi ho una decina di ""mano libera"", una quindicina tra OC e CC, tre shavette (che non uso mai) e un fatastico kamisori (che è bellissimo da vedere e maneggiare ma difficilerrimo da usare)
Se serve altro chiedi pure"" ""Quanto hai aspettato una discussione come questa?""",OTHER
11853669944201298733,6859858862964169623,"""Comunque a me l'ananas piace proprio tanto, non finirei mai di mangiarne quando c'è °:)"" ""Basta non metterlo dove tu sai dove!""",OTHER
18085984606050760423,3945915843498144279,"""per tutti i drogati di caffe' avete mai provato l'orzo istantaneo? Io sto lentamente facendo lo switch , certo non ha lo stesso aroma ma ha quasi lo stesso sapore di un nescafe , un buon orzo biologico poi costa un terzo del caffe' anche se ce ne vuole un po' di piu' per avere la stessa ""forza"""" "">per tutti i drogati di caffe' avete mai provato l'orzo istantaneo?
&#x200B;
Zio, è come dire ""hai mai leccato una figa? Buona eh, però non so, prova a sostituirla con la carta vetrata di tanto in tanto, che costa meno""""",ANALOGY
4219267705690279623,8173525950570444551,"""Frasi celebri di film famosi:

""... Non vi preoccupate ragazzi, tra 3 giorni m'ammazzo, mi butto dalla terrazza."""" ""@USER Porcaccia miseria ...non ho la terrazza ...???""",CONTEXT SHIFT
4282571183500334814,17164039023425786733,"""Le misure di ""agevolazione del contribuente"", alias condono, costano allo stato oltre 1 miliardo (vedi Documento Programmatico di Bilancio).  Senza queste si poteva aumentare da 2 a 3 mld i fondi (comunque inadeguati) dati alla sanità per l'aumento dei prezzi. Basta condoni!"" ""@USER E certo . Con la pressione fiscale che abbiamo rimarranno in Italia solo i cinesi e gli egiziani .""",HYPERBOLE
11236300103531326281,13378290050323101176,"""Prima di portare il notebook in assistenza, accertatevi che i gatti non abbiano diminuito la luminosità del monitor passeggiando sulla tastiera.

Prego"" ""@USER A me lo mettono sempre in modalità aereo e me ne accorgo solo dopo essermi chiesta come mai non  ricevo le mail di lavoro ....""",OXYMORON
6678462595339328827,6100411482346957449,"""Aumenta del 13% la bolletta del gas. Il governo Meloni aveva promesso di dedicare tutte le risorse contro l'aumento delle bollette ma invece si sono dedicati ad aumentare il contante e limitare l'utilizzo del Pos, provvedimenti che per la Corte dei Conti incentivano l'evasione!?"" ""@USER Solo una mente ""eccelsa"" potrebbe creare una relazione tra l'aumento del prezzo del gas e la circolazione del contante (o l'obbligo del POS). Ma dove mai ti ha scoperto l'amico Silvio?""",RHETORICAL QUESTION
4570732536120892495,279302136799953530,"""Avete gia’ deciso su quale donna buttarvi il mese di Dicembre?
Sopratutto a chi dedicare,”sei bellissima,diversa,unica” 
Daje che fa’ presto a girare il mese?"" ""@USER La compagna di babbo natale che sarà molto impegnato sto periodo""",CONTEXT SHIFT
13390906219756012723,4552496731404807745,"""quando qualcuno avra' il coraggio di definire un social US parassitario , capiro' che il mondo sta andando nella giusta direzione"" ""Quando lo dirà la maggioranza delle persone
FTFY""",OXYMORON
3067091126359723998,5623382111703118926,"""@USER Strunz ?"" ""@USER Così? d’emblée? ?""",RHETORICAL QUESTION
12245258018149504903,7745357566381758226,"""@USER Uguale al tuo..???"" ""@USER Siamo in ottima compagnia ??""",RHETORICAL QUESTION
541253097942894825,1442662543820583416,"""Mi sa che probabilmente ci quarantenizziamo. La mia ragazza è venuta qui in Belgio col treno da Milano. O stiamo esagerando? Contatti non ne ha avuti, ma se davvero è ovunque e basta incrociare lo sguardo con qualcuno per prenderselo..."" "">Mi sa che probabilmente ci quarantenizziamo
E se nasce una bambina poi....la chiameremo....Corona!""",OXYMORON
15051144082008871030,14736009073774645474,"""Gratis... Diciamo meglio che sono pagati con i soldi delle società con sede di comodo lì. In pratica glieli stiamo pagando noi"" ""M-ma il libero mercato europeo!""",OXYMORON
17539115194999755505,2616124266813447248,"""L'esercito nazista è sul punto di crollare. Apposta i CRIMINALI USA e i loro servi UE strepitano come aquile. I Satanisti che li pagano non lo accettano perchè sarebbe la fine della loro Dittatura Mondiale detta Nuovo Ordine."" ""@USER Mannaggialadroga... USA le gocce...""",CONTEXT SHIFT
4127188764209178883,5294803959021646396,"""Ma nessuno che parla delle minacce a suon di colpi di arma da fuoco alla caserma dei carabinieri? Ne vogliamo parlare? Fossi stato un carabiniere sarei uscito all'esterno con un pm12 e avrei fatto tabula rasa, così poi vediamo se in futuro mai qualcuno si permetta di fare un affronto del genere. Datemi del fascista, ditemi che così faccio il loro stesso gioco, sti cazzi."" ""rambo t'è caduta la bandana""",ANALOGY
15166726173020555620,8793596342129188254,"""Da oggi sono ufficialmente un’iscritta al M5S. #DallaParteGiusta"" ""@USER Grazie per l’informazione…posso andare a letto tranquilla sapendoti al sicuro “dalla parte giusta”… ma scusa tu chi saresti?!""",RHETORICAL QUESTION
2026724236652621339,15985819287471218724,"""Mi leccheresti la figa se te lo chiedessi gentilmente?"" ""@USER Ma anche si""",FALSE ASSERTION
12440347481004767015,16856958995869695592,"""Non credo che esista nel mondo civilizzato un altro Paese il cui governo fa la guerra ai pagamenti con carta di credito o bancomat"" ""@USER Contro il potere delle banche è meglio !""",FALSE ASSERTION
7052809677862322774,4092243886149381378,"""Domanda che non c'entra nulla, come si arriva ad avere 110k euro annui di debito?"" ""Ironico che lo chieda tu con il tuo username""",CONTEXT SHIFT
3045493691802176106,1458015100847778173,"""Lo scrivo per tanti idioti che rispondono ai Twitter come le pecore.
Sono un Sovranista, non sono vaccinato, non pagherò la multa e la mia Libertà non è in svendita."" ""@USER E diciamolo""",ANALOGY
3044065223273125996,9954440018523839361,"""@USER  @USER  @USER Prima di parlare, faccia un po' di palestra un PD con quella pancia significa che mangia troppo! ???"" ""@USER  @USER  @USER  @USER guarda chw è a dieta il povero pdiota... vive di sola aria e piccolo assegno rdc.???""",RHETORICAL QUESTION
13736144961596263000,12060265813653693304,"""Siamo riusciti a far twettare la AS Roma, in difesa di Damiano, quanto cazzo siamo cafoni"" ""@USER È uno dei figuranti a gratisse in monte Mario....uno di loro insomma""",CONTEXT SHIFT
13268918164449319838,16962225492024177094,"""@USER Ma non notate che le espressioni sue sono le stesse che xon niki ? Ho sono io che sto vedendo altro???"" ""@USER Devo ammettere che ogni volta che la vedo spengo… non li guardo per istinto di auto conservazione ???""",ANALOGY
17523138090480937068,6794677258638916499,"""Posso mandarti una foto della figa?"" ""@USER Se parli sul serio dammi la tua figa, sei speciale""",ANALOGY
11105485630848101915,15615219987463498429,"""@USER carinissima..."" ""@USER È la mia ombra…come vedi mi segue anche in bagno…??deve controllare..""",CONTEXT SHIFT
3646463276755959524,8072238042250817773,"""@USER Chi è Bargiggia?"" ""@USER  @USER La risposta è nel nome chi scrive: pallone gonfiato""",ANALOGY
10704360722010704111,6492037401386175429,"""@USER dai non me lo dovevi spoilerare così"" ""@USER hai ragione, devo cambiare regalo""",FALSE ASSERTION
6489718601691829849,12702889517638734775,"""@USER Ma sta gente ha rotto i maroni... provano sempre a rompere le palle"" ""@USER Io gli avrei risposto: ""riesci a trovare qualcuno che ti si piglia? Visto che sei qui a rompere no e allora vedi di andartene!""""",ANALOGY
6315268851087764250,14160246892871081922,"""Sono molto divertenti i film in cui ovunque le persone parlano la stessa lingua. Ne sto guardando uno con Keneau Reeves in cui nei paesini della Siberia e a San Pietroburgo tutti parlano benissimo in inglese, anche gli ubriachi al bar."" ""@USER Comunque da ubriaco impari in un attimo anche il birmano, soprattutto se l’interlocutore somiglia a Sharon Stone.""",FALSE ASSERTION
4712286480051747486,2640510200825459114,"""Il governo americano dice che l'italia oltre ad essere zona rossa, è a serio rischio attentati terroristici. Cosa non sappiamo?"" ""Che potenzialmente all'americano medio conviene farsi contagiare in Italia dal Coronavirus che negli Stati Uniti, almeno qui sa di non finire in bancarotta.""",OXYMORON
10471340637656640859,12818435111878726753,"""@USER  @USER  @USER capito?"" ""@USER  @USER  @USER Zampini è un luminare… Palmeri invece è un premio nobel. Inarrivabili""",FALSE ASSERTION
15950942533928568791,7259667110951844842,"""Carlo #Calenda: ""Sarò in Ucraina, non questa settimana, ma quella dopo. Qui c'è un Paese dove la gente sta combattendo per la propria libertà, morendo di freddo e di fame e noi stiamo a cavillare se aiutarli o no""

@ultimora_pol"" ""@USER Per il ponte dell'Immacolata?""",CONTEXT SHIFT
4361284155797109967,327593645641887644,"""@USER ??‍♂️...i pensieri seri...?"" ""@USER  @USER Ah ben tornato""",CONTEXT SHIFT
9212069303300584131,10770200173138979662,"""Certo che pure #MyrtaMerlino con che faccia torna in tv 
 a #lariachetira?
Dopo che si è scoperto che lancia oggetti, si fa incremare i piedini, prenotare cerette, ritirare vestitini in tintoria, portare cani dal veterinario e se la colazione non è di suo gusto... AIUTO"" ""@USER  @USER Ha imparato da Arcuri""",CONTEXT SHIFT
7016160571539598969,15854625015140476227,"""La spesa sanitaria sul pil nel 2021 è stata il 7,5% e appena il 15% della spesa pubblica, ma i COMUNISTI rompono sempre il cazzo con la storia ""eh ma poi se vai in ospedale devi pagare"".

Ti minacciano con l'ospedale, ma il loro obbiettivo è fottersi lo stipendio da ministeriale."" ""@USER Comunisti? E dove li hai visti sti comunisti?
Ammaliato da Silvio ve'?""",RHETORICAL QUESTION
17257503219040131807,18093989267266965819,"""@USER Monastero tibetano"" ""@USER  @USER Wow non finisci mai di stupirmi???""",RHETORICAL QUESTION
8934851214214189860,14520308493154045628,"""URL 
Le ultime 3 righe dell'articolo. Pensava di avere covid, invece semplice influenza. Il conto è di 3k"" ""La colpa è sua per non aver scelto un assicurazione migliore. /s""",OXYMORON
869023161580462624,7559517986321119088,"""/r/dataisictus (il concetto è interessante, ma la realizzazione grafica è un po' oddiomadonna)"" ""Cazzo speravo esistesse davvero il subreddit""",FALSE ASSERTION
1578763065953456354,12993232217343661706,"""E niente. Hanno messo in testa a tanta gente che se tutti pagassero le tasse fino all’ultimo centesimo ne pagheremmo tutti di meno. È esattamente il contrario ma non ci arrivano. Pazienza."" ""@USER Smetti di studiare...non serve a niente""",OTHER
7481814903317384103,7390015536061003758,"""@USER Ti ho appena dato la buonasera di ieri che ti sto dando il buongiorno? sempre in ritardo..
????"" ""@USER meglio tardi che maiiiiii""",CONTEXT SHIFT
10505992640515611419,15632796209294347822,"""Poche ora prima..."" ""Cancellare Juve-Inter e giocare Juve-Milan 4 giorni dopo. Perché in 4 giorni, si sa, l'epidemia sparisce""",OXYMORON
10294703797536010927,15900359975000172140,"""Qualcuno di voi vuole azzardare con delle previsioni? Secondo me i casi continueranno ad aumentare, ed anche parecchio, anche se con il caldo dovrebbe rallentare. A quel punto secondo voi cosa succederà tra una settimana? Potrebbero prorogare la chiusura delle università e delle scuole?"" ""Tra una settimana i dati dei contagiati inizieranno a diminuire, o naturalmente o artificialmente. Entro la fine di Aprile il governo dichiarerà la fine dell'emergenza. Se ce la fa anche a fine marzo per salvare la pasqua""",OXYMORON
8490850783567618914,14692590532653645655,"""@USER  @USER  @USER  @USER Dov'è Correa? ?"" ""@USER  @USER  @USER  @USER  @USER Sta studiando i passi di danza""",CONTEXT SHIFT
13046658234584707050,15903373105520672819,"""@USER Come giornalista perdi colpi: “La Corte ha quindi annullato la sentenza di assoluzione della Corte d’Appello.
L'effetto della sentenza è quindi la necessità di svolgere un nuovo processo che però non si farà perché nel frattempo è sopraggiunta la prescrizione del reato.”"" ""@USER Caro Bibbo, il giornalista non si fa copiando cose a caso da internet senza seguire il senso del discorso. La Cassazione non riaprí la discussione per doping ma per abuso di farmaci leciti usati comunemente. In bocca al lupo per il tuo nuovo lavoro a Roma ci vuole pazienza ?""",RHETORICAL QUESTION
11851844889763388070,17806769245275841401,"""Nella mia esperienza con le utilitarie non si riesce mai a fare buoni affari se comprate dai rivenditori/concessionari perché la richiesta è molto alta e i prezzi sono esagerati anche per catorci di 12 anni e oltre 150.000 km.
Un consiglio è andare a vedere le auto con un esperto, o farsi accompagnare dal meccanico di fiducia prima di fare l'acquisto così da controllare se tutto è a posto. 
Il miglior modo per acquistare un'utilitaria usata secondo me è tramite conoscenze, le migliori sono quelle di pensionati o anziani: generalmente hanno pochi km sulle spalle, ottima manutenzione, mai spinte, prezzi interessanti perché spesso hanno fretta di vendere."" ""Occhio alla frizione però /s""",OXYMORON
12978432705767851292,2613930440449136029,"""Scopro ora che siamo la terza nazione al mondo per numero di contagiati. Qualcuno può spiegarmi come minchia sia potuto succedere?
Sapevo che la situazione era seria in Italia ma non pensavo a tal punto.
Secondo la OMS siamo al terzo posto, con ben 1689 casi. (dati sulle altre regioni qui)
Al secondo posto in Europa c'è la Germania, con 129 casi. 
Come siamo diventati il terzo paese al mondo con più contagiati, superando pure paesi che sono letteralmente attaccati alla Cina? Sono veramente demoralizzato"" ""Tranquillo che entro domani l'Iran ci butta fuori dal podio""",RHETORICAL QUESTION
14256576158198611348,15751448431637498129,"""Sto pensando a quando apriranno le borse domani.
Prevedo stangata pesante."" ""Naaaaaaaa, è tutto sotto controllo, anzi, secondo me salgono. Chi non investirebbe in un continente che fa finta di niente anche se c'è un nuovo virus che si diffonde tra la gente. Non siamo mica la Cina noi eh... /s""",ANALOGY
15884684554146624669,11775364620336453536,"""@USER Adamo è invasato"" ""@USER *Adani""",FALSE ASSERTION
3299146096786930181,2921101967070506513,"""Abbiamo ironizzato tutti sul caffè a 2 € di Salvini, però mettetevi nei suoi panni: se avesse parlato di prelievo bancomat, diciamo di 50 €, e di caffè da 1 €, quanti di noi si sarebbero trattenuti dal chiedergli l'ammontare del resto? ?"" ""@USER E aggiungerci 6 zeri. Ma è un tweet per intenditori""",ANALOGY
6139907667337091232,15365808859389547757,"""@USER PURO SEXXXXXXXXXXXO"" ""@USER Para las reketonas ??""",RHETORICAL QUESTION
16348170801654468101,9812969791193333264,"""abbiamo la prima ""celebrity""  URL"" ""Oh, no. È pure vecchio. Mi dispiace tanto!""",CONTEXT SHIFT
13317936615694554249,17897361568518334588,"""Durante il mio dottorato ricordo meeting di ore con esperti di altri settori( fisici, immunologi, chimici) per comprendere implicazioni dei risultati etc. Qui su Twitter vedo esperti tuttologi che interpretano qualsiasi tipo di lavoro scientifico. Sicuro sono lento io"" ""@USER Beh io vedo un obbligo vaccinale da parte di #zanzarologi vari, che poi ti dicono che la curano con #antiinfiammatori. Io uso la #dioxidodecloro""",OXYMORON
13704388241708840901,14706917304141168534,"""Non penso riuscirei a indossare un pantalone pluriscorreggiato da un altro."" ""Se fosse cosí avrebbero dei buchi.
Thread rilevante su /r/fitness
 URL""",OXYMORON
13846894291619542635,11313532346754132879,"""L'AVIS è stata fondata nel 1927.
Sono stati fortunati che abbiano scelto come nome quell'innaturale Associazione Volontari Italiani del Sangue anziché un più moderno Associazione Italiana Donatori di Sangue."" ""Loro sapevano...""",OXYMORON
11067980993091954352,16783559436551036703,"""Io voterò no, sostanzialmente perché per il sistema elettivo che abbiamo attualmente tagliare i parlamentari significa buttare nel cesso il sistema di rappresentatività.
Al contempo sono pienamente convinta stravincerà il sì, movimento 5 stelle e soci hanno fatto troppa pubblicità al fatto che ""ci siano troppi parlamentari e senatori"", e come sappiamo l'elettore medio in Italia non ha troppa voglia di informarsi sul perché i numeri siano quelli."" ""Visto che ti ritieni più informato de “l’elettore medio in Italia” potresti gentilmente spiegare te il perché di quei numeri ?""",RHETORICAL QUESTION
9710167336161827429,9857317486698437323,"""Dopo l'impulso dato dalla ""novità"", non riesco più a guardare questi programmi. Come dici tu, si ha il 25% di possibilità di vincere, ma il 100% di farsi pubblicità. Mi fa incazzare come tantissimi scelgano di farsi pubblicità negativa... Passare per lo stronzo che vuole inculare gli altri non mi sembra una grande strategia (anche se oggi è molto apprezzato anche in politica).
Una cosa che mi ha colpito (sia in quello di Barbieri che in quello di Borghese) è che la stronzaggine diminuisce e i voti reciproci si alzano tanto più ci si allontana da Milano: c'era una puntata ambientata mi sembra in Trentino in cui gli albergatori si riempivano di complimenti per tutto il tempo, giustificandosi a vicenda scelte e piccoli errori.
Ultima cosa: avevo letto da qualche parte che nella versione per i ristoranti (dopo l'iscrizione iniziale) la registrazione della puntata avviene quasi a sorpresa, dando pochissimo tempo per preparare le cose in maniera ""speciale""."" ""> la stronzaggine diminuisce e i voti reciproci si alzano tanto più ci si allontana da Milano
Ti consiglio di vederti quel capolavoro di episodio con i calabresi""",CONTEXT SHIFT
4965629302488236431,3068120937538407847,"""Ieri volevo fare una salita abbastanza ripida con la bicicletta. Nonostante la marcia 1 e il fatto che la bici fosse elettrica, non riuscivo a fare più di 50 metri alla volta senza dovermi fermare a riposare e riprendere fiato. Perché i motori delle bici elettriche li fanno solo da 250W?"" ""Esistono, si chiamano motorini.""",OXYMORON
14917732181303677040,18442444235143661767,"""Quanto cazzo mi manca lo Squat. Se non riprendo a farlo subito andranno a puttane i miei sogni di avere un bel big booty e fare la instagram thot"" ""E prendere 10mila likes""",HYPERBOLE
5089949348811797788,10179466096040653895,"""@USER E pulitevi il nero **"" ""@USER VOMITOOO""",OTHER
15382323096996773536,7077464038722397556,"""@USER Mah. Credo che alla fine vincerà perchè il #PD inseguendo la DX, vuole a tutti i costi una donna. Anche se significa tornare indietro di decenni in quanto a principi politici."" ""@USER  @USER Sogno un mondo senza diritti delle donne da preservare a parole.""",OXYMORON
13572507177613064947,16741842899233870764,"""Potrei aver assistito alla pubblicità di un noto brand italiano di poltrone che regala la consegna a chi va in negozio a cantare l’inno di Mameli, possibile?"" ""@USER Ma solo fino a domenica""",OXYMORON
3503965128142632670,9465862692827221310,"""Da oggi niente più battute sull’esistenza del Molise.
Primo caso di coronavirus in Molise"" ""Quindi nessun caso? Mi sembra corretto""",OXYMORON
7674526256062103963,12611090753383508244,"""@USER ????❤️❤️ bella!!! Io ho direttamente l'albero con le palline ????"" ""@USER  @USER ??‍♀️??‍♀️??‍♀️??????? io solo le palle abla!!! ???‍♀️????""",ANALOGY
1538089066793913465,17823984331570032808,"""Questi articoli saranno utili quando diranno: “Ciccio spa offre 3k netti e non trova nessuno” (forse).
Le aziende sono brave a lamentarsi, ma a cacciare il grano non ci pensano nemmeno per sbaglio."" ""Questo accadrà quando un affitto, monolocale in campagna costerà 8000k come minimo""",FALSE ASSERTION
8358391091025621903,6595978306315147572,"""Quando c'era Draghi stavamo tutti bene, non c'erano problemi, avevamo soldi in abbondanza e soprattutto tanta libertà.
Ora siamo più poveri, abbiamo il problema di dover pagare senza carta e girare con 5000€ in tasca, non siamo liberi.
Ve c'hanno mai mannato a quer paese?"" ""@USER Buongiorno Doluccia ?""",RHETORICAL QUESTION
13822166652400774750,10901664920334670632,"""Su invio armi Ucraina,  @USER ha usato le stesse identiche parole di @GiuseppeConteIT."" ""@USER  @USER  @USER ora mi son ricordato del perché l’avevo bloccata su Twitter""",FALSE ASSERTION
12986014201666140579,2383377363525923279,""">    decidiamo di comprare dell’erba con l’obiettivo di trascorrere una bella serata guardando un film, giocando al pc, discutendo di massimi sistemi ed interrogandoci sui grandi quesiti dell’esistenza umana
Ah, questa sarebbe stata la “bella serata”...mah."" ""Fra non capisci se non ti sballi sei un coglione, e la colpa è pure dello stato se compri la droga fatta male! 
Penso che un post più italiano di questo non potesse esserci. Colpa dello stato anche quando compro catrame.""",ANALOGY
9245814821330018201,12464161284601871249,"""Ma al sabato pomeriggio esiste  vita oltre il supermercato?"" ""@USER Dipende: pioveva? ?""",RHETORICAL QUESTION
11413238619310317089,9124640536765131923,"""@USER ??Bellissimo"" ""@USER Grazie cara ?""",CONTEXT SHIFT
17030439601476513820,15780098405348363717,"""Se non ci fosse stato Renzi e il suo 40% alle europee del 2014 Schlein non sarebbe mai stata eletta. Se non ci fosse stata la rottamazione non sarebbe mai stata candidata. Poi ognuno fa le scelte che vuole. Ma la verità storica e che senza Renzi Elly non sarebbe mai stata eletta."" ""@USER Si Cola cacava non moria.""",OXYMORON
15747530743063712103,12974457551087977003,"""L’albero si fa l’8 dicembre. Punto. E non ammetto repliche."" ""@USER 27 novembre Johnny. 27 novembre!""",HYPERBOLE
1177343897057039844,12745862321628508522,"""Visto che i mods mi hanno cancellato il thread sul feed principale, metto qui questa notizia sui francesi che ci prendono per il culo con uno spot sul Coronavirus:
 URL"" ""Quindi ne stanno approfittando per mettere il dito nella piaga del danno di immagine subito al made-in-italy. Ma che simpatici. 
Sarebbe da fargli uno spot satirico di risposta con il Foie Coronass, o il loro pregiato vino di Bordeavirux.""",ANALOGY
16289562017376735901,3219620734550332107,"""Ignazio #LaRussa: ""Il Ponte di Messina? Io ci credo. Stavolta, se duriamo cinque anni, lo faremo davvero...""

@ultimora_pol"" ""@USER coi lego?""",CONTEXT SHIFT
3339707236184579349,10156499856735862881,"""Boyhood.
Il bello è guardarlo senza sapere nulla del film, della storia, degli attori, e soprattutto del tempo impiegato a girarlo. >! Così ho fatto. Poi mentre lo guardavo penso ""però... l'attore dell'adolescente assomiglia davvero parecchio alla sua versione bimbo..."" per poi ritrovarmi lo stesso sguardo nella versione ""diciottenne"". E lì sono andato a leggere wikipedia. Un film girato in dodici cazzo di anni con gli stessi attori, dodici! Tra cui la figlia stessa del regista, per la quale il film diventa una specie di filmino della comunione all'ennesima potenza !<"" ""Off topic
È stupendo vedere da mobile il tuo commento: due linee di testo, un muro bianco a protezione dallo spoiler con un graffito in blu che dice dodici cazzo di anni.""",OTHER
5101907416060788998,15575434636993376046,"""> Cina, primo caso di contagio dall'Italia
> La provincia cinese orientale dello Zhejiang segna il primo caso di ""contagio di ritorno"" del coronavirus dall'Italia, dopo quelli quasi tutti legati all'Iran di Pechino, del Guangdong e della regione autonoma Ningxia Hui. La commissione sanitaria locale, scrive il Global Times, ha riferito che la positività ai test è  maturata ieri: Wang, questo il cognome della donna di 31 anni, era rientrata da Milano a Qingtian, contea della Zhejiang, il 28 febbraio. La paziente ha preso medicine dal 16 febbraio ai primi sintomi di febbre, tosse e diarrea.
Stiamo raggiungendo vette mai sognate prima."" ""RIP tutto coloro che han preso l'aereo con la signora in questione.
ps. Qingtian è la città patria di un buon 30-40% di cinesi in Italia.""",HYPERBOLE
3350946302145633004,1916766962887467774,"""Matteo #Salvini: ""Credo che una forma di servizio civile e di servizio militare universale, ovviamente al passo con i tempi, possa essere ripensata""

@ultimora_pol"" ""@USER What about "" pena di morte "" ?""",RHETORICAL QUESTION
6155881164944029637,889284547619607790,"""@USER Tesoro guarda che anche a te si sta scaldando l’acqua"" ""@USER Hai ragione , sto invecchiando infatti se devo mandare qualcuno a scopare il mare lo faccio, tu invece resterai sempre una ragazza per me. Lo sai""",FALSE ASSERTION
12068029760884030427,17479721190807096131,"""Se dovessi descrivermi in due parole direi povera illusa. O povera troia. O povera scema..."" ""@USER E se dovessi usare due parole positive?""",ANALOGY
11541223796716888191,1291303220408550946,"""@USER Oriana, a parere mio, da paracula che è  fa' discussione solo mezza nuda e da vestita è  invisibile..  Appunto paracula! Ma veramente abbiamo bisogno di sciacquette in tv?"" ""@USER  @USER Ma che programma guardi … QUARK?! No perche’ di geni non ne vedo li dentro eh?!""",CONTEXT SHIFT
7083075869596841860,17823966594001094184,"""Proverò la carbonara fatta in quel modo. Ma con le penne, perché gli spaghetti mi fanno cagare"" ""Ricordati di spezzare le penne all'inizio.""",CONTEXT SHIFT
5457906790660648717,7398853076098751265,"""@USER Siamo in inverno, la dieta la facciamo da Giugno in poi ???? buona domenica"" ""@USER Brava buona domenica pomeriggio ??""",RHETORICAL QUESTION
2230522181288609045,7754360763127710932,"""Ho sempre seguito con grande simpatia le trasmissioni di  @USER , consapevole dello spirito e della ricerca di spettacolarizzazione visti anche i folcloristici ospiti a cui si affida, sinceramente sono rimasto molto deluso dalle sue parole sulla Juve,forse sono state le ⬇️"" ""@USER  @USER meglio tardi che mai....""",ANALOGY
10550902692526024244,342223438757884880,"""Buon giorno. Non so voi ma qui hanno di nuovo fatto lo switch su “Moriremo tutti “
Isteria portami via proprio"" ""Intendi dove tu vivi o qui dentro?""",OXYMORON
15879074383938156795,17328664774127613557,"""2/2
Durante la pandemia,il proprietario del National Media Group ha trascorso ""ore"" con Putin discutendo del crescente conflitto con l'Occidente, della storia della Russia e dei loro interessi comuni,hanno detto fonti dell'intelligence russa e l'entourage dell'uomo d'affari."" ""@USER Complimenti, uomo di lucide visioni""",FALSE ASSERTION
8374295896122236596,15982263481369371349,"""#Camera
Respinto in commissione un emendamento di AVS per modificare il nome del ""Ministro del Made in Italy"" in ""Ministero del fare italiano""

@ultimora_pol"" ""@USER Poi sono andati tutti a prendere un arlecchino alla mescita""",CONTEXT SHIFT
17339294608730999472,11852543729129438733,"""Cosa cambiereste della scuola italiana?"" ""@USER Le mamme""",RHETORICAL QUESTION
2572014533198106852,6188733302823854428,"""Un quarto TB in 7 anni???? Sei stato molto ""choosy"""" ""da quando ho scoperto Jdownloader mi rippo siti interi, ho piu di 4Tb di roba. dovrò costruire un NAS solo per il porno e iniziare a vendere l'accesso in VPN""",FALSE ASSERTION
12334257155664249561,11281996805676433697,"""inserire rant di chi solo con il diploma del liceo è costretto a lavorare sottopagato da Amazon e pretende un lavoro migliore"" ""Eh certo, chi non ha avuto la possibilità di studiare deve morire. Senza contare che succede lo stesso ai laureati, quindi vabbè, ti sei qualificato da solo.""",OXYMORON
8001209985061360644,17229479003558802502,"""Fa un po' tristezza il tipo che chiede se in Italia si mangia la pasta nel brodo tipo in Asia e gli vengono menzionati diversi formati di pasta. 
La pastina in brodo è praticamente cibo da ammalato che non puoi paragonare ad eg un ramen."" ""ma c'è una differenza importante nella pasta o è solo il brodo? In teoria potresti riempire il brodo di roba e farti qualcosa abbastanza simile ad un ramen anche con le stelline, no?""",ANALOGY
8534887319949702935,5574754218033865932,"""Che simpa Eva la trans di codogno, dovrebbero chiamarla piu' spesso."" ""Mozione su Change.org per sostituire Gottardo con Eva la trans""",CONTEXT SHIFT
7224537635555146059,14893264397112559629,"""Nessuno ha denunciato il furto di un bimotore da 200.000 euro?"" ""Più probabilmente quello ha preso il bimotore di notte e dopo 4 ore si è schiantato, non penso sia una zona stracontrollata una pista di una scuola di volo.""",OXYMORON
317983232564555449,1712402958922909474,"""Penso che cucinare certe pietanze al microonde sia la normalità in Giappone. In Tokyo Mirage Sessions #FE, un gioco di ruolo giapponese, una delle combattenti conduce un programma chiamato Microwavin' with Mamorin dove in pratica dovrebbe insegnare a cucinare delle pietanze con il microonde"" ""Pensavo che scrollando r/italy sarei stato salvo da faia emburem""",CONTEXT SHIFT
10896666196851896255,10112793462194031420,"""Quali sono i requisiti richiesti per candidarsi alla carica si segretario del  @USER ?"" ""@USER  @USER Piacere a Bettini e a D'Alema.""",CONTEXT SHIFT
903006438056547120,15461750935072353537,"""Stasera io e marito portiamo nipote 11enne a provare il sushi per la prima volta (è il nostro regalo per il suo compleanno)…secondo me torna a casa con la fame ?"" ""@USER Secondo me ti svuota il portafoglio.""",CONTEXT SHIFT
17879365350589065680,6848272210626843315,"""Consigli su workout in casa in questo periodo di palestre chiuse?"" ""Io mi sono  comprato una bicicletta.. fai cardio che è perfetto in un periodo di definizione... Tanto mica vorrai andare in spiaggia con il 20% di massa grassa, no ? :-)""",RHETORICAL QUESTION
16670462493773561266,9796451987259776883,"""Mi manda al manicomio tutta questa tranquillità ostentata dai media."" ""Lol wut? Che tranquillità che stanno seminando il panico da gennaio? Chissà come mai account vecchio di 8 giorni. CVD.""",RHETORICAL QUESTION
3235436336349621631,6139492952631494407,"""@USER Però la mozzarella fa il siero"" ""@USER  @USER Ed essendo più intelligente di loro è anche genico""",ANALOGY
